bp,sex,D5Mit193,D5Mit61,D5Mit387,D5Mit148,D5Mit13,D5Mit55,D5Mit312,D5Mit188,D5Mit213,D5Mit31,D5Mit99,D5Mit101,D5Mit409,D5Mit169,D13Mit16,D13Mit59,D13Mit91,D13Mit148,D13Mit78
,,5,5,5,5,5,5,5,5,5,5,5,5,5,5,13,13,13,13,13
,,0,5.5000000001,10.9000000002,14.2000000003,15.3000000004,18.6000000005,32.8000000006,51.4000000007,60.1000000008,66.7000000009,73.200000001,74.3000000011,77.6000000012,82.0000000013,5.7,7.7000000001,16.4000000002,40.4000000003,59.0000000004
109.6,male,AC,-,AC,AC,AC,AC,AC,BC,BC,BC,BC,-,BC,BC,BC,BC,BC,BC,BC
109.8,male,AC,-,AC,AC,AC,BC,BC,BC,BC,AC,AC,-,AC,AC,BC,BC,BC,AC,AC
110.1,male,BC,-,AD,AD,AD,AD,AD,AD,AD,BD,BD,-,BD,BD,BD,BD,BD,AC,AC
110.6,male,AC,-,AC,AC,AC,AC,AC,AC,AC,AC,AC,-,AC,AC,BD,AC,AC,BD,BD